salade de tomate;pizza;100.0
salade de tomate;glace;100.0
salade de tomate;mousse framboise;100.0
salade de tomate;steack fritte;100.0
salade de tomate;granitas;100.0
salade de tomate;lasgne à la carbonara;100.0
salade de tomate;crepe;100.0
salade de tomate;tacos;100.0
salade de tomate;lasagne;100.0
salade de tomate;gauffre au nutelat;100.0
salade de tomate;ile flottante;100.0
salade de tomate;hamburger fritte;100.0
salade de tomate;kebab;100.0
salade de tomate;lasagne a la carbonara;100.0
pizza;glace;100.0
pizza;olive;100.0
pizza;mousse framboise;100.0
pizza;tartines;100.0
pizza;granitas;100.0
pizza;quiche;100.0
pizza;crepe;100.0
pizza;gauffre au nutelat;100.0
pizza;ile flottante;100.0
pizza;oeufs mimosa;100.0
pizza;cacahuette;100.0
glace;olive;100.0
glace;tartines;100.0
glace;steack fritte;100.0
glace;quiche;100.0
glace;lasgne à la carbonara;100.0
glace;tacos;100.0
glace;lasagne;100.0
glace;oeufs mimosa;100.0
glace;cacahuette;100.0
glace;hamburger fritte;100.0
glace;kebab;100.0
glace;lasagne a la carbonara;100.0
olive;mousse framboise;100.0
olive;steack fritte;100.0
olive;granitas;100.0
olive;lasgne à la carbonara;100.0
olive;crepe;100.0
olive;tacos;100.0
olive;lasagne;100.0
olive;gauffre au nutelat;100.0
olive;ile flottante;100.0
olive;hamburger fritte;100.0
olive;kebab;100.0
olive;lasagne a la carbonara;100.0
mousse framboise;tartines;100.0
mousse framboise;steack fritte;100.0
mousse framboise;quiche;100.0
mousse framboise;lasgne à la carbonara;100.0
mousse framboise;tacos;100.0
mousse framboise;lasagne;100.0
mousse framboise;oeufs mimosa;100.0
mousse framboise;cacahuette;100.0
mousse framboise;hamburger fritte;100.0
mousse framboise;kebab;100.0
mousse framboise;lasagne a la carbonara;100.0
tartines;steack fritte;100.0
tartines;granitas;100.0
tartines;lasgne à la carbonara;100.0
tartines;crepe;100.0
tartines;tacos;100.0
tartines;lasagne;100.0
tartines;gauffre au nutelat;100.0
tartines;ile flottante;100.0
tartines;hamburger fritte;100.0
tartines;kebab;100.0
tartines;lasagne a la carbonara;100.0
steack fritte;granitas;100.0
steack fritte;quiche;100.0
steack fritte;crepe;100.0
steack fritte;gauffre au nutelat;100.0
steack fritte;ile flottante;100.0
steack fritte;oeufs mimosa;100.0
steack fritte;cacahuette;100.0
granitas;quiche;100.0
granitas;lasgne à la carbonara;100.0
granitas;tacos;100.0
granitas;lasagne;100.0
granitas;oeufs mimosa;100.0
granitas;cacahuette;100.0
granitas;hamburger fritte;100.0
granitas;kebab;100.0
granitas;lasagne a la carbonara;100.0
quiche;lasgne à la carbonara;100.0
quiche;crepe;100.0
quiche;tacos;100.0
quiche;lasagne;100.0
quiche;gauffre au nutelat;100.0
quiche;ile flottante;100.0
quiche;hamburger fritte;100.0
quiche;kebab;100.0
quiche;lasagne a la carbonara;100.0
lasgne à la carbonara;crepe;100.0
lasgne à la carbonara;gauffre au nutelat;100.0
lasgne à la carbonara;ile flottante;100.0
lasgne à la carbonara;oeufs mimosa;100.0
lasgne à la carbonara;cacahuette;100.0
crepe;tacos;100.0
crepe;lasagne;100.0
crepe;oeufs mimosa;100.0
crepe;cacahuette;100.0
crepe;hamburger fritte;100.0
crepe;kebab;100.0
crepe;lasagne a la carbonara;100.0
tacos;gauffre au nutelat;100.0
tacos;ile flottante;100.0
tacos;oeufs mimosa;100.0
tacos;cacahuette;100.0
lasagne;gauffre au nutelat;100.0
lasagne;ile flottante;100.0
lasagne;oeufs mimosa;100.0
lasagne;cacahuette;100.0
gauffre au nutelat;oeufs mimosa;100.0
gauffre au nutelat;cacahuette;100.0
gauffre au nutelat;hamburger fritte;100.0
gauffre au nutelat;kebab;100.0
gauffre au nutelat;lasagne a la carbonara;100.0
ile flottante;oeufs mimosa;100.0
ile flottante;cacahuette;100.0
ile flottante;hamburger fritte;100.0
ile flottante;kebab;100.0
ile flottante;lasagne a la carbonara;100.0
oeufs mimosa;hamburger fritte;100.0
oeufs mimosa;kebab;100.0
oeufs mimosa;lasagne a la carbonara;100.0
cacahuette;hamburger fritte;100.0
cacahuette;kebab;100.0
cacahuette;lasagne a la carbonara;100.0
